timestamp,elapsed_min,round,score,pass_rate,best_score_so_far,best_round_so_far
2026-06-01 13:49:26,0.8666666666666667,agent-1,6.499,0.06498999999999999,6.499,agent-1
2026-06-01 13:53:52,5.3,auto-1,6.499,0.06498999999999999,6.499,agent-1
2026-06-01 13:58:55,10.35,auto-2,8.613,0.08613,8.613,auto-2
2026-06-01 13:59:27,10.883333333333333,agent-2,8.613,0.08613,8.613,auto-2
2026-06-01 14:00:40,12.1,agent-3,8.555,0.08555,8.613,auto-2
2026-06-01 14:01:48,13.233333333333333,agent-4,8.594,0.08593999999999999,8.613,auto-2
2026-06-01 14:03:17,14.716666666666667,agent-5,8.607,0.08607,8.613,auto-2
2026-06-01 14:03:55,15.35,auto-3,8.607,0.08607,8.613,auto-2
2026-06-01 14:04:49,16.25,agent-6,7.821,0.07821,8.613,auto-2
2026-06-01 14:06:19,17.75,agent-7,8.597,0.08596999999999999,8.613,auto-2
2026-06-01 14:08:41,20.116666666666667,agent-8,8.577,0.08577,8.613,auto-2
2026-06-01 14:08:55,20.35,auto-4,8.577,0.08577,8.613,auto-2
2026-06-01 14:09:59,21.416666666666668,agent-9,8.613,0.08613,8.613,auto-2
2026-06-01 14:11:02,22.466666666666665,agent-10,8.613,0.08613,8.613,auto-2
2026-06-01 14:12:20,23.766666666666666,agent-11,8.634,0.08634,8.634,agent-11
2026-06-01 14:13:17,24.716666666666665,agent-12,8.92,0.0892,8.92,agent-12
2026-06-01 14:13:55,25.35,auto-5,8.92,0.0892,8.92,agent-12
2026-06-01 14:14:10,25.6,agent-13,8.77,0.0877,8.92,agent-12
2026-06-01 14:15:09,26.583333333333332,agent-14,9.047,0.09047000000000001,9.047,agent-14
2026-06-01 14:16:09,27.583333333333332,agent-15,8.994,0.08993999999999999,9.047,agent-14
2026-06-01 14:17:04,28.5,agent-16,8.969,0.08968999999999999,9.047,agent-14
2026-06-01 14:18:31,29.95,agent-17,10.203,0.10203,10.203,agent-17
2026-06-01 14:18:55,30.35,auto-6,10.203,0.10203,10.203,agent-17
2026-06-01 14:19:26,30.866666666666667,agent-18,11.264,0.11263999999999999,11.264,agent-18
2026-06-01 14:20:21,31.783333333333335,agent-19,12.456,0.12455999999999999,12.456,agent-19
2026-06-01 14:21:08,32.56666666666667,agent-20,13.907,0.13907,13.907,agent-20
2026-06-01 14:22:08,33.56666666666667,agent-21,15.661,0.15661,15.661,agent-21
2026-06-01 14:23:19,34.75,agent-22,15.661,0.15661,15.661,agent-21
2026-06-01 14:23:55,35.35,auto-7,15.661,0.15661,15.661,agent-21
2026-06-01 14:24:18,35.733333333333334,agent-23,15.661,0.15661,15.661,agent-21
2026-06-01 14:25:22,36.8,agent-24,15.71,0.15710000000000002,15.71,agent-24
2026-06-01 14:26:24,37.833333333333336,agent-25,16.048,0.16047999999999998,16.048,agent-25
2026-06-01 14:27:39,39.083333333333336,agent-26,15.483,0.15483,16.048,agent-25
2026-06-01 14:28:55,40.35,auto-8,16.66,0.1666,16.66,auto-8
2026-06-01 14:28:58,40.4,agent-27,16.66,0.1666,16.66,auto-8
2026-06-01 14:29:52,41.3,agent-28,16.378,0.16378,16.66,auto-8
2026-06-01 14:30:55,42.35,agent-29,16.979,0.16979,16.979,agent-29
2026-06-01 14:32:02,43.46666666666667,agent-30,17.086,0.17085999999999998,17.086,agent-30
2026-06-01 14:33:10,44.6,agent-31,16.779,0.16779,17.086,agent-30
2026-06-01 14:33:55,45.35,auto-9,16.779,0.16779,17.086,agent-30
2026-06-01 14:34:15,45.68333333333333,agent-32,17.825,0.17825,17.825,agent-32
2026-06-01 14:35:24,46.833333333333336,agent-33,17.699,0.17699,17.825,agent-32
2026-06-01 14:36:30,47.93333333333333,agent-34,17.294,0.17294,17.825,agent-32
2026-06-01 14:37:44,49.166666666666664,agent-35,17.929,0.17928999999999998,17.929,agent-35
2026-06-01 14:38:49,50.25,agent-36,17.604,0.17604,17.929,agent-35
2026-06-01 14:38:55,50.35,auto-10,17.604,0.17604,17.929,agent-35
2026-06-01 14:40:00,51.43333333333333,agent-37,18.394,0.18394,18.394,agent-37
2026-06-01 14:41:06,52.53333333333333,agent-38,16.459,0.16459,18.394,agent-37
2026-06-01 14:42:15,53.68333333333333,agent-39,18.351,0.18350999999999998,18.394,agent-37
2026-06-01 14:43:26,54.86666666666667,agent-40,18.168,0.18167999999999998,18.394,agent-37
2026-06-01 14:43:55,55.35,auto-11,18.168,0.18167999999999998,18.394,agent-37
2026-06-01 14:44:37,56.05,agent-41,17.979,0.17979,18.394,agent-37
2026-06-01 14:45:47,57.21666666666667,agent-42,17.499,0.17498999999999998,18.394,agent-37
2026-06-01 14:46:59,58.416666666666664,agent-43,17.219,0.17219,18.394,agent-37
2026-06-01 14:47:53,59.31666666666667,agent-44,17.402,0.17402,18.394,agent-37
2026-06-01 14:48:55,60.35,auto-12,18.491,0.18491,18.491,auto-12
2026-06-01 14:48:55,60.35,agent-45,18.491,0.18491,18.491,auto-12
2026-06-01 14:49:48,61.233333333333334,agent-46,18.865,0.18864999999999998,18.865,agent-46
2026-06-01 14:50:45,62.18333333333333,agent-47,18.189,0.18189,18.865,agent-46
2026-06-01 14:51:49,63.25,agent-48,18.676,0.18675999999999998,18.865,agent-46
2026-06-01 14:52:53,64.31666666666666,agent-49,18.652,0.18652000000000002,18.865,agent-46
2026-06-01 14:53:55,65.35,auto-13,18.652,0.18652000000000002,18.865,agent-46
2026-06-01 14:55:22,66.8,agent-50,18.881,0.18881,18.881,agent-50
2026-06-01 14:56:24,67.83333333333333,agent-51,18.875,0.18875,18.881,agent-50
2026-06-01 14:57:25,68.85,agent-52,20.09,0.2009,20.09,agent-52
2026-06-01 14:58:18,69.73333333333333,agent-53,18.83,0.1883,20.09,agent-52
2026-06-01 14:58:55,70.35,auto-14,18.83,0.1883,20.09,agent-52
2026-06-01 14:59:09,70.58333333333333,agent-54,18.937,0.18937,20.09,agent-52
2026-06-01 15:00:00,71.43333333333334,agent-55,20.264,0.20264,20.264,agent-55
2026-06-01 15:00:59,72.41666666666667,agent-56,20.264,0.20264,20.264,agent-55
2026-06-01 15:02:04,73.5,agent-57,19.553,0.19553,20.264,agent-55
2026-06-01 15:03:19,74.75,agent-58,20.264,0.20264,20.264,agent-55
2026-06-01 15:03:55,75.35,auto-15,20.264,0.20264,20.264,agent-55
2026-06-01 15:04:28,75.9,agent-59,20.136,0.20135999999999998,20.264,agent-55
2026-06-01 15:05:26,76.86666666666666,agent-60,20.212,0.20212,20.264,agent-55
2026-06-01 15:06:48,78.23333333333333,agent-61,19.843,0.19843,20.264,agent-55
2026-06-01 15:07:58,79.4,agent-62,20.26,0.2026,20.264,agent-55
2026-06-01 15:08:55,80.35,auto-16,17.449,0.17449,20.264,agent-55
2026-06-01 15:09:24,80.83333333333333,agent-63,17.449,0.17449,20.264,agent-55
2026-06-01 15:10:54,82.33333333333333,agent-64,20.232,0.20232,20.264,agent-55
2026-06-01 15:11:52,83.3,agent-65,19.18,0.1918,20.264,agent-55
2026-06-01 15:12:58,84.4,agent-66,20.645,0.20645,20.645,agent-66
2026-06-01 15:13:54,85.33333333333333,agent-67,19.999,0.19999,20.645,agent-66
2026-06-01 15:13:55,85.35,auto-17,19.999,0.19999,20.645,agent-66
2026-06-01 15:15:07,86.55,agent-68,20.504,0.20504,20.645,agent-66
2026-06-01 15:16:09,87.58333333333333,agent-69,20.505,0.20504999999999998,20.645,agent-66
2026-06-01 15:17:16,88.7,agent-70,20.416,0.20416,20.645,agent-66
2026-06-01 15:18:21,89.78333333333333,agent-71,20.61,0.2061,20.645,agent-66
2026-06-01 15:18:55,90.35,auto-18,20.61,0.2061,20.645,agent-66
2026-06-01 15:19:26,90.86666666666666,agent-72,20.595,0.20595,20.645,agent-66
2026-06-01 15:20:36,92.03333333333333,agent-73,20.472,0.20472,20.645,agent-66
2026-06-01 15:21:37,93.05,agent-74,20.677,0.20677,20.677,agent-74
2026-06-01 15:22:46,94.2,agent-75,19.956,0.19956,20.677,agent-74
2026-06-01 15:23:47,95.21666666666667,agent-76,19.882,0.19882000000000002,20.677,agent-74
2026-06-01 15:23:55,95.35,auto-19,19.882,0.19882000000000002,20.677,agent-74
2026-06-01 15:24:50,96.26666666666667,agent-77,20.202,0.20202,20.677,agent-74
2026-06-01 15:26:14,97.66666666666667,agent-78,20.366,0.20366,20.677,agent-74
2026-06-01 15:27:19,98.75,agent-79,20.545,0.20545000000000002,20.677,agent-74
2026-06-01 15:28:54,100.33333333333333,agent-80,20.676,0.20675999999999997,20.677,agent-74
2026-06-01 15:28:55,100.35,auto-20,20.676,0.20675999999999997,20.677,agent-74
2026-06-01 15:30:00,101.43333333333334,agent-81,20.668,0.20668,20.677,agent-74
2026-06-01 15:31:21,102.78333333333333,agent-82,20.651,0.20651,20.677,agent-74
2026-06-01 15:32:25,103.85,agent-83,20.677,0.20677,20.677,agent-74
2026-06-01 15:33:34,105.0,agent-84,20.655,0.20655,20.677,agent-74
2026-06-01 15:33:55,105.35,auto-21,20.655,0.20655,20.677,agent-74
2026-06-01 15:35:30,106.93333333333334,agent-85,20.677,0.20677,20.677,agent-74
2026-06-01 15:38:55,110.35,auto-22,20.677,0.20677,20.677,agent-74
2026-06-01 15:39:13,110.65,agent-86,20.677,0.20677,20.677,agent-74
2026-06-01 15:40:48,112.23333333333333,agent-87,15.19,0.1519,20.677,agent-74
2026-06-01 15:42:14,113.66666666666667,agent-88,20.289,0.20289000000000001,20.677,agent-74
2026-06-01 15:43:02,114.46666666666667,agent-89,20.352,0.20352,20.677,agent-74
2026-06-01 15:43:55,115.35,auto-23,20.541,0.20541,20.677,agent-74
2026-06-01 15:44:01,115.45,agent-90,20.541,0.20541,20.677,agent-74
2026-06-01 15:44:55,116.35,agent-91,19.984,0.19984000000000002,20.677,agent-74
2026-06-01 15:45:59,117.41666666666667,agent-92,20.081,0.20081,20.677,agent-74
2026-06-01 15:46:41,118.11666666666666,agent-93,20.651,0.20651,20.677,agent-74
2026-06-01 15:47:21,118.78333333333333,agent-94,20.673,0.20672999999999997,20.677,agent-74
2026-06-01 15:48:21,119.78333333333333,agent-95,20.218,0.20218,20.677,agent-74
